{
    "G_PC_1": {
        "hidden_size": 32,
        "n_layers": 1,
        "alpha_pit": 50.28400534610371,
        "lr": 0.0009432449763537825,
        "dropout": 0.33334307974443933
    },
    "G_PC_2": {
        "hidden_size": 32,
        "n_layers": 1,
        "alpha_pit": 52.33970777016582,
        "lr": 0.0009991003201259624,
        "dropout": 0.3400106975256368
    },
    "G_PC_3": {
        "hidden_size": 32,
        "n_layers": 1,
        "alpha_pit": 50.959781450824664,
        "lr": 0.0009441496574129754,
        "dropout": 0.3260947891235128
    },
    "L_PC_AAPL_1": {
        "hidden_size": 32,
        "n_layers": 2,
        "alpha_pit": 50.20076838630165,
        "lr": 0.0007892156319808313,
        "dropout": 0.36633234125084274
    },
    "L_PC_AAPL_2": {
        "hidden_size": 32,
        "n_layers": 1,
        "alpha_pit": 55.19200165478219,
        "lr": 0.0007932826071624594,
        "dropout": 0.13281070010694757
    },
    "L_PC_AAPL_3": {
        "hidden_size": 32,
        "n_layers": 1,
        "alpha_pit": 50.05721703131697,
        "lr": 0.0006425506284544471,
        "dropout": 0.2612876398094674
    },
    "L_PC_AMZN_1": {
        "hidden_size": 32,
        "n_layers": 1,
        "alpha_pit": 51.26148786435927,
        "lr": 0.0005586995596492627,
        "dropout": 0.32077921701922096
    },
    "L_PC_AMZN_2": {
        "hidden_size": 32,
        "n_layers": 1,
        "alpha_pit": 50.08488313250201,
        "lr": 0.0005341893910352136,
        "dropout": 0.30187402584902595
    },
    "L_PC_AMZN_3": {
        "hidden_size": 32,
        "n_layers": 1,
        "alpha_pit": 50.20535556930377,
        "lr": 0.0009037253357066297,
        "dropout": 0.38616987255227553
    },
    "L_PC_GLD_1": {
        "hidden_size": 32,
        "n_layers": 1,
        "alpha_pit": 61.75594233341613,
        "lr": 0.0005643848210885477,
        "dropout": 0.35950240857148896
    },
    "L_PC_GLD_2": {
        "hidden_size": 32,
        "n_layers": 1,
        "alpha_pit": 50.3837107765181,
        "lr": 0.00084999706039859,
        "dropout": 0.3369301834024491
    },
    "L_PC_GLD_3": {
        "hidden_size": 32,
        "n_layers": 1,
        "alpha_pit": 50.76395033471614,
        "lr": 0.00036540346929611015,
        "dropout": 0.28408727059466565
    },
    "L_PC_GOOGL_1": {
        "hidden_size": 32,
        "n_layers": 1,
        "alpha_pit": 50.7547319316293,
        "lr": 0.0009018718447611288,
        "dropout": 0.3218003044106049
    },
    "L_PC_GOOGL_2": {
        "hidden_size": 32,
        "n_layers": 1,
        "alpha_pit": 50.37318655679652,
        "lr": 0.0009281268367974289,
        "dropout": 0.28774135672267476
    },
    "L_PC_GOOGL_3": {
        "hidden_size": 32,
        "n_layers": 2,
        "alpha_pit": 52.94866502707989,
        "lr": 0.0009153078385003613,
        "dropout": 0.33018727029218375
    },
    "L_PC_GOOGL_4": {
        "hidden_size": 32,
        "n_layers": 1,
        "alpha_pit": 50.057464558478145,
        "lr": 0.0005562278403127513,
        "dropout": 0.3090365866278287
    },
    "L_PC_IWM_1": {
        "hidden_size": 32,
        "n_layers": 1,
        "alpha_pit": 51.251438976785465,
        "lr": 0.0004319583241200951,
        "dropout": 0.21197750296770498
    },
    "L_PC_IWM_2": {
        "hidden_size": 32,
        "n_layers": 1,
        "alpha_pit": 50.468507645526714,
        "lr": 0.0007742512023472739,
        "dropout": 0.3252991708037578
    },
    "L_PC_IWM_3": {
        "hidden_size": 32,
        "n_layers": 1,
        "alpha_pit": 51.26148786435927,
        "lr": 0.0005586995596492627,
        "dropout": 0.32077921701922096
    },
    "L_PC_JPM_1": {
        "hidden_size": 32,
        "n_layers": 1,
        "alpha_pit": 50.02310813014813,
        "lr": 0.000635649409910365,
        "dropout": 0.2524072551880485
    },
    "L_PC_JPM_2": {
        "hidden_size": 32,
        "n_layers": 1,
        "alpha_pit": 50.7547319316293,
        "lr": 0.0009018718447611288,
        "dropout": 0.3218003044106049
    },
    "L_PC_JPM_3": {
        "hidden_size": 32,
        "n_layers": 1,
        "alpha_pit": 59.42191716664074,
        "lr": 0.0003472717580472519,
        "dropout": 0.3740947654190499
    },
    "L_PC_MSFT_1": {
        "hidden_size": 32,
        "n_layers": 1,
        "alpha_pit": 50.81982919829672,
        "lr": 0.0005896245720284437,
        "dropout": 0.348244890594598
    },
    "L_PC_MSFT_2": {
        "hidden_size": 32,
        "n_layers": 1,
        "alpha_pit": 50.44863323414324,
        "lr": 0.0008209502825839626,
        "dropout": 0.333235153941524
    },
    "L_PC_MSFT_3": {
        "hidden_size": 32,
        "n_layers": 1,
        "alpha_pit": 50.333389918990505,
        "lr": 0.0009730876909593379,
        "dropout": 0.10080038838318442
    },
    "L_PC_NFLX_1": {
        "hidden_size": 32,
        "n_layers": 2,
        "alpha_pit": 52.45952999121392,
        "lr": 0.0009454913894425338,
        "dropout": 0.33493167532974977
    },
    "L_PC_NFLX_2": {
        "hidden_size": 32,
        "n_layers": 1,
        "alpha_pit": 50.34072887214605,
        "lr": 0.0003686384464380299,
        "dropout": 0.3484460207795669
    },
    "L_PC_NFLX_3": {
        "hidden_size": 32,
        "n_layers": 1,
        "alpha_pit": 50.20535556930377,
        "lr": 0.0009037253357066297,
        "dropout": 0.38616987255227553
    },
    "L_PC_NVDA_1": {
        "hidden_size": 16,
        "n_layers": 1,
        "alpha_pit": 55.890355715150044,
        "lr": 0.0009949842824037594,
        "dropout": 0.33284952798733625
    },
    "L_PC_NVDA_2": {
        "hidden_size": 32,
        "n_layers": 2,
        "alpha_pit": 58.72991151368115,
        "lr": 0.0002441985789293367,
        "dropout": 0.11244738414850589
    },
    "L_PC_NVDA_3": {
        "hidden_size": 16,
        "n_layers": 1,
        "alpha_pit": 50.02310813014813,
        "lr": 0.0007335369888822957,
        "dropout": 0.10779322890173844
    },
    "L_PC_QQQ_1": {
        "hidden_size": 32,
        "n_layers": 2,
        "alpha_pit": 50.464620119381905,
        "lr": 0.0009142165282289839,
        "dropout": 0.1835019165130513
    },
    "L_PC_QQQ_2": {
        "hidden_size": 32,
        "n_layers": 1,
        "alpha_pit": 50.08488313250201,
        "lr": 0.0005070747199913713,
        "dropout": 0.2683414230377148
    },
    "L_PC_QQQ_3": {
        "hidden_size": 16,
        "n_layers": 2,
        "alpha_pit": 50.27188944128478,
        "lr": 0.000493172476124277,
        "dropout": 0.36640301729940883
    },
    "L_PC_SPY_1": {
        "hidden_size": 32,
        "n_layers": 1,
        "alpha_pit": 50.05797084565594,
        "lr": 0.0005733279778025017,
        "dropout": 0.30641706587279155
    },
    "L_PC_SPY_2": {
        "hidden_size": 32,
        "n_layers": 1,
        "alpha_pit": 50.08646993969065,
        "lr": 0.0006598898697485252,
        "dropout": 0.2972907229506394
    },
    "L_PC_SPY_3": {
        "hidden_size": 32,
        "n_layers": 1,
        "alpha_pit": 50.32708701257172,
        "lr": 0.0008746147776298623,
        "dropout": 0.38174627565993147
    },
    "L_PC_TLT_1": {
        "hidden_size": 32,
        "n_layers": 1,
        "alpha_pit": 59.85320244596815,
        "lr": 0.0009863223636570396,
        "dropout": 0.34614167595600753
    },
    "L_PC_TLT_2": {
        "hidden_size": 32,
        "n_layers": 1,
        "alpha_pit": 50.11499762136469,
        "lr": 0.0005055219893896739,
        "dropout": 0.23024273904415363
    },
    "L_PC_TLT_3": {
        "hidden_size": 32,
        "n_layers": 1,
        "alpha_pit": 55.19351647611869,
        "lr": 0.0002976864831064375,
        "dropout": 0.2405604619624213
    },
    "L_PC_TLT_4": {
        "hidden_size": 32,
        "n_layers": 1,
        "alpha_pit": 55.865405256837185,
        "lr": 0.00038660673730258173,
        "dropout": 0.2673302826749144
    },
    "L_PC_TLT_5": {
        "hidden_size": 32,
        "n_layers": 1,